instance,avg gap,std_dev,max gap,min gap,trials
bur26h.dat,214.1420815032926,0.0,214.1420815032926,214.1420815032926,1
bur26e.dat,-66.76268392143206,0.0,-66.76268392143206,-66.76268392143206,1
bur26d.dat,-99.26222611858762,0.0,-99.26222611858762,-99.26222611858762,1
bur26f.dat,-66.39769394539037,0.0,-66.39769394539037,-66.39769394539037,1
bur26g.dat,211.07811550500475,0.0,211.07811550500475,211.07811550500475,1
bur26c.dat,-99.2668232354456,0.0,-99.2668232354456,-99.2668232354456,1
bur26b.dat,-91.32349813455315,0.0,-91.32349813455315,-91.32349813455315,1
bur26a.dat,-91.38497457925395,0.0,-91.38497457925395,-91.38497457925395,1
